Workbook

Sheet Жовтень
A1: Загальна площа хол.камер м2 | B1: =C15+C16+C18+C17+C19+C20 -> 3253 | C1: нарахування з втратами, кВт | D1: спожито всього | E1: % споживання (ввід1 + ввід2) | F1: % нарахування з втратами, активна, кВт | G1: % нарахування реактивна, грн. | H1: сума до оплати, грн. (активна+реактивна) | K1: Оренда
A2: Вартість електроенергії/ кВт | B2: =B4/B3 -> 11.036785 | I2: Оплати жовтень, листопад | K2: 80400
A3: Всього Активна кВт | B3: 14580 | C3: =B3 -> 14580 | D3: =I14+I13 -> 13498 | J3: кВт - 3грн. | K3: =I34*3 -> 18340.8
A4: Всього Активна з ПДВ, грн. | B4: 160916.32 | C4: Укрвент | D4: =I34 -> 6113.6 | E4: =D4/D3*100 -> 45.292636 | F4: =E4*C3/100 -> 6603.6663 | G4: =B5*E4/100 -> 5766.7716 | H4: =F4*B2+G4 -> 78650.015 | K4: =K2-K3 -> 62059.2
A5: реактивна з ПДВ, грн. | B5: =10688.9+2043.35 -> 12732.25 | C5: Склад | D5: =D3-D4 -> 7384.4 | E5: =D5/D3*100 -> 54.707364 | F5: =E5*C3/100 -> 7976.3337 | G5: =B5*E5/100 -> 6965.4784 | H5: =F5*B2+G5 -> 94998.555 | J5: Аванс (залишок) | K5: =K4+L5 -> 62059.2
A6: Всього затрат ГРН | B6: =SUM(B4:B5) -> 173648.57
A7: Всього перевиставлено | H7: =SUM(H4:H6) -> 173648.57
A8: Офісне приміщення СБМ
B11: Назва Обєкта | C11: Площа | D11: № Лічильник | E11: Показники | G11: Різниця | H11: Коеф. трансформації
E12: Поточні 31.10.2025 | F12: Попередні 30.09.2025 | I12: Спожито по лічильникам | J12: Втрати в лінії, ТП 10% | K12: Всього спожито кВт
B13: Ввід1 | E13: 25536.83 | F13: 25535.45 | G13: =E13-F13 -> 1.38 | H13: 200 | I13: =H13*G13 -> 276
B14: Ввід2 | E14: 9922.32 | F14: 9856.21 | G14: =E14-F14 -> 66.11 | H14: 200 | I14: =H14*G14 -> 13222
A15: Сухой склад-1 | B15: Камера №1 | C15: 851 | D15: 821430 | E15: 12077 | F15: 12077 | G15: =E15-F15 -> 0 | H15: 30 | I15: =H15*G15 -> 0 | J15: =(I15*J7)-I15 -> 0 | K15: =J15+I15 -> 0 | L15: =K15*B2 -> 0
A16: Сухой склад-2 | B16: Камера №2 | C16: 839 | D16: 821436 | E16: 14163 | F16: 14163 | G16: =E16-F16 -> 0 | H16: 30 | I16: =H16*G16 -> 0 | J16: =(I16*J7)-I16 -> 0 | K16: =J16+I16 -> 0 | L16: =K16*B2 -> 0
B17: Камера №3 | C17: 428 | D17: 11829942 | E17: 2213 | F17: 2213 | G17: =E17-F17 -> 0 | H17: 40 | I17: =H17*G17 -> 0 | J17: =(I17*J7)-I17 -> 0 | K17: =J17+I17 -> 0 | L17: =K17*B2 -> 0
B18: Камера №4 | C18: 415 | D18: 820614 | E18: 14226 | F18: 14226 | G18: =E18-F18 -> 0 | H18: 40 | I18: =H18*G18 -> 0 | J18: =(I18*J7)-I18 -> 0 | K18: =J18+I18 -> 0 | L18: =K18*B2 -> 0
B19: Камера №5 | C19: 428 | D19: 820573 | E19: 10172 | F19: 10172 | G19: =E19-F19 -> 0 | H19: 40 | I19: =H19*G19 -> 0 | J19: =(I19*J7)-I19 -> 0 | K19: =J19+I19 -> 0 | L19: =K19*B3 -> 0
B20: Камера №6 | C20: 292 | D20: 10808904 | E20: 11686 | F20: 11686 | G20: =E20-F20 -> 0 | H20: 1 | I20: =H20*G20 -> 0 | J20: =(I20*J7)-I20 -> 0 | K20: =J20+I20 -> 0 | L20: =K20*B4 -> 0
A21: Сухой склад-1 | B21: Рампа №1 | C21: 573 | D21: 945448 | E21: 188212 | F21: 186360 | G21: =E21-F21 -> 1852 | H21: 1 | I21: =H21*G21 -> 1852 | J21: =(I21*J7)-I21 -> -1852 | K21: =J21+I21 -> 0 | L21: =K21*B2 -> 0
A22: Овочі | B22: Рампа №2 | C22: 573 | D22: 945448 | E22: 624173 | F22: 622136 | G22: =E22-F22 -> 2037 | H22: 1 | I22: =H22*G22 -> 2037 | J22: =(I22*J7)-I22 -> -2037 | K22: =J22+I22 -> 0 | L22: =(K22*B2) -> 0
B23: Офіс | D23: 906068 | E23: 402334 | F23: 401238 | G23: =E23-F23 -> 1096 | H23: 1 | I23: =H23*G23 -> 1096 | J23: =(I23*J7)-I23 -> -1096 | K23: =J23+I23 -> 0 | L23: =K23*B2 -> 0
B24: Копресорна | C24: Частка % | D24: 8638117 | E24: 14708 | F24: 14708 | G24: =E24-F24 -> 0 | H24: 160 | I24: =H24*G24 -> 0 | J24: =(I24*J7)-I24 -> 0 | K24: =(J24+I24)*0.647 -> 0 | L24: =(K24*B2) -> 0
B25: Конденсатор | C25: Частка % | D25: 915199 | E25: 176409 | F25: 176406 | G25: =E25-F25 -> 3 | H25: 1 | I25: =H25*G25 -> 3 | J25: =(I25*J7)-I25 -> -3 | K25: =(J25+I25)*0.647 -> 0 | L25: =(K25*B2) -> 0
B26: Реактивна | C26: Частка % | L26: =(B5*1.6)-B5 -> 7639.35
B27: Всього | I27: =SUM(I15:I26) -> 4988 | J27: =SUM(J15:J26) -> -4988 | K27: =SUM(K15:K26) -> 0
B28: Нараховано грн/ місяць | L28: =SUM(L15:L26) -> 7639.35
B30: Розрахунок
B32: Назва Обєкта | C32: Площа | D32: № Лічильник | E32: Показники | G32: Різниця | H32: Коеф. трансформації
E33: Поточні 31.10.2025 | F33: Попередні 30.09.2025 | I33: Всього спожито | J33: Втрати в лінії, ТП | K33: Всього спожито кВт | L33: ГРН
B34: сусіди | D34: 821430 | E34: 76.42 | F34: 0 | G34: =E34-F34 -> 76.42 | H34: 80 | I34: =H34*G34 -> 6113.6 | J34: =(I34*1.4)-I34 -> 2445.44 | K34: =J34+I34 -> 8559.04 | L34: =K34*B2 -> 94464.281
B35: Реактивна | C35: Частка % | L35: =(B5*1.4)-B5 -> 5092.9
B36: Всього | I36: =SUM(I34:I35) -> 6113.6 | J36: =SUM(J34:J35) -> 2445.44 | K36: =SUM(K34:K35) -> 8559.04
B37: Нараховано грн/ місяць | L37: =SUM(L34:L35) -> 99557.181

Sheet Листопад
A1: Загальна площа хол.камер м2 | B1: =C15+C16+C18+C17+C19+C20 -> 3253 | C1: нарахування з втратами, кВт | D1: спожито всього | E1: % споживання (ввід1 + ввід2) | F1: % нарахування з втратами, активна, кВт | G1: % нарахування реактивна, грн. | H1: сума до оплати, грн. (активна+реактивна) | K1: Оренда
A2: Вартість електроенергії/ кВт | B2: =B4/B3 -> 11.423232 | J2: переплата | K2: =Жовтень!K5 -> 62059.2
A3: Всього Активна кВт | B3: =18450+660 -> 19110 | C3: =B3 -> 19110 | D3: =I14+I13 -> 16610 | J3: кВт - 3грн. | K3: =I34*3 -> 32575.2
A4: Всього Активна з ПДВ, грн. | B4: 218297.96 | C4: Укрвент | D4: =I34 -> 10858.4 | E4: =D4/D3*100 -> 65.372667 | F4: =E4*C3/100 -> 12492.717 | G4: =B5*E4/100 -> 10583.998 | H4: =F4*B2+G4 -> 153291.2 | K4: =K2-K3 -> 29484
A5: реактивна з ПДВ, грн. | B5: =14146.9+2043.35 -> 16190.25 | C5: Склад | D5: =D3-D4 -> 5751.6 | E5: =D5/D3*100 -> 34.627333 | F5: =E5*C3/100 -> 6617.2833 | G5: =B5*E5/100 -> 5606.2518 | H5: =F5*B2+G5 -> 81197.013 | J5: Аванс (залишок) | K5: =K4+L5 -> 69684 | L5: 40200 | M5: оплата грудень
A6: Всього затрат ГРН | B6: =SUM(B4:B5) -> 234488.21
A7: Всього перевиставлено | H7: =SUM(H4:H6) -> 234488.21
A8: Офісне приміщення СБМ
B11: Назва Обєкта | C11: Площа | D11: № Лічильник | E11: Показники | G11: Різниця | H11: Коеф. трансформації
E12: Поточні 30.11.2025 | F12: Поточні 31.10.2025 | I12: Спожито по лічильникам | J12: Втрати в лінії, ТП 10% | K12: Всього спожито кВт
B13: Ввід1 | E13: 25536.83 | F13: 25536.83 | G13: =E13-F13 -> 0 | H13: 200 | I13: 0
B14: Ввід2 | E14: 10005.37 | F14: 9922.32 | G14: =E14-F14 -> 83.05 | H14: 200 | I14: =H14*G14 -> 16610
A15: Сухой склад-1 | B15: Камера №1 | C15: 851 | D15: 821430 | E15: 12077 | F15: 12077 | G15: =E15-F15 -> 0 | H15: 30 | I15: =H15*G15 -> 0 | J15: =(I15*J7)-I15 -> 0 | K15: =J15+I15 -> 0 | L15: =K15*B2 -> 0
A16: Сухой склад-2 | B16: Камера №2 | C16: 839 | D16: 821436 | E16: 14163 | F16: 14163 | G16: =E16-F16 -> 0 | H16: 30 | I16: =H16*G16 -> 0 | J16: =(I16*J7)-I16 -> 0 | K16: =J16+I16 -> 0 | L16: =K16*B2 -> 0
B17: Камера №3 | C17: 428 | D17: 11829942 | E17: 2213 | F17: 2213 | G17: =E17-F17 -> 0 | H17: 40 | I17: =H17*G17 -> 0 | J17: =(I17*J7)-I17 -> 0 | K17: =J17+I17 -> 0 | L17: =K17*B2 -> 0
B18: Камера №4 | C18: 415 | D18: 820614 | E18: 14226 | F18: 14226 | G18: =E18-F18 -> 0 | H18: 40 | I18: =H18*G18 -> 0 | J18: =(I18*J7)-I18 -> 0 | K18: =J18+I18 -> 0 | L18: =K18*B2 -> 0
B19: Камера №5 | C19: 428 | D19: 820573 | E19: 10172 | F19: 10172 | G19: =E19-F19 -> 0 | H19: 40 | I19: =H19*G19 -> 0 | J19: =(I19*J7)-I19 -> 0 | K19: =J19+I19 -> 0 | L19: =K19*B3 -> 0
B20: Камера №6 | C20: 292 | D20: 10808904 | E20: 11686 | F20: 11686 | G20: =E20-F20 -> 0 | H20: 1 | I20: =H20*G20 -> 0 | J20: =(I20*J8)-I20 -> 0 | K20: =J20+I20 -> 0 | L20: =K20*B4 -> 0
A21: Сухой склад-1 | B21: Рампа №1 | C21: 573 | D21: 945448 | E21: 190354 | F21: 188212 | G21: =E21-F21 -> 2142 | H21: 1 | I21: =H21*G21 -> 2142 | J21: 0 | K21: =J21+I21 -> 2142 | L21: =K21*B2 -> 24468.563
A22: Овочі | B22: Рампа №2 | C22: 573 | D22: 945448 | E22: 625748 | F22: 624173 | G22: =E22-F22 -> 1575 | H22: 1 | I22: =H22*G22 -> 1575 | J22: 0 | K22: =J22+I22 -> 1575 | L22: =(K22*B2) -> 17991.59
B23: Офіс | D23: 906068 | E23: 402749 | F23: 402334 | G23: =E23-F23 -> 415 | H23: 1 | I23: =H23*G23 -> 415 | J23: 0 | K23: =J23+I23 -> 415 | L23: =K23*B2 -> 4740.6412
B24: Копресорна | C24: Частка % | D24: 8638117 | E24: 14708 | F24: 14708 | G24: =E24-F24 -> 0 | H24: 160 | I24: =H24*G24 -> 0 | J24: 0 | K24: =(J24+I24)*0.647 -> 0 | L24: =(K24*B2) -> 0
B25: Конденсатор | C25: Частка % | D25: 915199 | E25: 176409 | F25: 176409 | G25: =E25-F25 -> 0 | H25: 1 | I25: =H25*G25 -> 0 | J25: =(I25*J13)-I25 -> 0 | K25: =(J25+I25)*0.647 -> 0 | L25: =(K25*B2) -> 0
B26: Реактивна | C26: Частка % | L26: =B5*J7 -> 0
B27: Автомат | E27: 145150 | F27: 144629 | G27: =E27-F27 -> 521 | H27: 1 | I27: =H27*G27 -> 521
B28: Всього | I28: =SUM(I15:I27) -> 4653 | J28: =J6*J7 -> 0 | K28: =J28+I28 -> 4653
B29: Нараховано грн/ місяць | L29: =SUM(L15:L26) -> 47200.794
B31: Розрахунок
B32: Назва Обєкта | C32: Площа | D32: № Лічильник | E32: Показники | G32: Різниця | H32: Коеф. трансформації
E33: Поточні 30.11.2025 | F33: Поточні 31.10.2025 | I33: Всього спожито | J33: Втрати в лінії, ТП | K33: Всього спожито кВт | L33: ГРН
B34: сусіди | D34: 821430 | E34: 212.15 | F34: 76.42 | G34: =E34-F34 -> 135.73 | H34: 80 | I34: =H34*G34 -> 10858.4 | J34: =J6*J8 -> 0 | K34: =J34+I34 -> 10858.4 | L34: =K34*B2 -> 124038.02
B35: Реактивна | C35: Частка % | L35: =(B5*J8) -> 0
B36: Всього | I36: =SUM(I34:I35) -> 10858.4 | J36: =SUM(J34:J35)-532.32 -> -532.32 | K36: =SUM(K34:K35) -> 10858.4
B37: Нараховано грн/ місяць | L37: =SUM(L34:L35) -> 124038.02
I39: =I36+I28 -> 15511.4 | K39: =K36+K28 -> 15511.4

Sheet грудень
A1: Загальна площа хол.камер м2 | B1: =C15+C16+C18+C17+C19+C20 -> 3253 | C1: нарахування з втратами, кВт | D1: спожито всього | E1: % споживання (ввід1 + ввід2) | F1: % нарахування з втратами, активна, кВт | G1: % нарахування реактивна, грн. | H1: сума до оплати, грн. (активна+реактивна) | K1: Оренда
A2: Вартість електроенергії/ кВт | B2: =B4/B3 -> 11.539284 | J2: переплата | K2: =Жовтень!K5 -> 62059.2
A3: Всього Активна кВт | B3: 24120 | C3: =B3 -> 24120 | D3: =I14+I13 -> 22220 | J3: кВт - 3грн. | K3: =I34*3 -> 43713.6
A4: Всього Активна з ПДВ, грн. | B4: 278327.53 | C4: Укрвент | D4: =I34 -> 14571.2 | E4: =D4/D3*100 -> 65.576958 | F4: =E4*C3/100 -> 15817.162 | G4: =B5*E4/100 -> 10716.678 | H4: =F4*B2+G4 -> 193235.4 | K4: =K2-K3 -> 18345.6
A5: реактивна з ПДВ, грн. | B5: =14298.79+2043.35 -> 16342.14 | C5: Склад | D5: =D3-D4 -> 7648.8 | E5: =D5/D3*100 -> 34.423042 | F5: =E5*C3/100 -> 8302.8378 | G5: =B5*E5/100 -> 5625.4618 | H5: =F5*B2+G5 -> 101434.27 | J5: Аванс (залишок) | K5: =K4+L5 -> 58545.6 | L5: 40200 | M5: оплата грудень
A6: Всього затрат ГРН | B6: =SUM(B4:B5) -> 294669.67
A7: Всього перевиставлено | H7: =SUM(H4:H6) -> 294669.67
A8: Офісне приміщення СБМ
B11: Назва Обєкта | C11: Площа | D11: № Лічильник | E11: Показники | G11: Різниця | H11: Коеф. трансформації
E12: Поточні 31.12.2025 | F12: Попередні 30.11.2025 | I12: Спожито по лічильникам | J12: Втрати в лінії, ТП 10% | K12: Всього спожито кВт
B13: Ввід1 | E13: 25536.84 | F13: 25536.83 | G13: =E13-F13 -> 0.01 | H13: 200 | I13: 0
B14: Ввід2 | E14: 10116.47 | F14: 10005.37 | G14: =E14-F14 -> 111.1 | H14: 200 | I14: =H14*G14 -> 22220
A15: Сухой склад-1 | B15: Камера №1 | C15: 851 | D15: 821430 | E15: 12077 | F15: 12077 | G15: =E15-F15 -> 0 | H15: 30 | I15: =H15*G15 -> 0 | J15: =(I15*J7)-I15 -> 0 | K15: =J15+I15 -> 0 | L15: =K15*B2 -> 0
A16: Сухой склад-2 | B16: Камера №2 | C16: 839 | D16: 821436 | E16: 14163 | F16: 14163 | G16: =E16-F16 -> 0 | H16: 30 | I16: =H16*G16 -> 0 | J16: =(I16*J7)-I16 -> 0 | K16: =J16+I16 -> 0 | L16: =K16*B2 -> 0
B17: Камера №3 | C17: 428 | D17: 11829942 | E17: 2213 | F17: 2213 | G17: =E17-F17 -> 0 | H17: 40 | I17: =H17*G17 -> 0 | J17: =(I17*J7)-I17 -> 0 | K17: =J17+I17 -> 0 | L17: =K17*B2 -> 0
B18: Камера №4 | C18: 415 | D18: 820614 | E18: 14226 | F18: 14226 | G18: =E18-F18 -> 0 | H18: 40 | I18: =H18*G18 -> 0 | J18: =(I18*J7)-I18 -> 0 | K18: =J18+I18 -> 0 | L18: =K18*B2 -> 0
B19: Камера №5 | C19: 428 | D19: 820573 | E19: 10172 | F19: 10172 | G19: =E19-F19 -> 0 | H19: 40 | I19: =H19*G19 -> 0 | J19: =(I19*J7)-I19 -> 0 | K19: =J19+I19 -> 0 | L19: =K19*B3 -> 0
B20: Камера №6 | C20: 292 | D20: 10808904 | E20: 11686 | F20: 11686 | G20: =E20-F20 -> 0 | H20: 1 | I20: =H20*G20 -> 0 | J20: =(I20*J8)-I20 -> 0 | K20: =J20+I20 -> 0 | L20: =K20*B4 -> 0
A21: Сухой склад-1 | B21: Рампа №1 | C21: 573 | D21: 945448 | E21: 193524 | F21: 190354 | G21: =E21-F21 -> 3170 | H21: 1 | I21: =H21*G21 -> 3170 | J21: 0 | K21: =J21+I21 -> 3170 | L21: =K21*B2 -> 36579.53
A22: Овочі | B22: Рампа №2 | C22: 573 | D22: 945448 | E22: 627708 | F22: 625748 | G22: =E22-F22 -> 1960 | H22: 1 | I22: =H22*G22 -> 1960 | J22: 0 | K22: =J22+I22 -> 1960 | L22: =(K22*B2) -> 22616.997
B23: Офіс | D23: 906068 | E23: 403909 | F23: 402749 | G23: =E23-F23 -> 1160 | H23: 1 | I23: =H23*G23 -> 1160 | J23: 0 | K23: =J23+I23 -> 1160 | L23: =K23*B2 -> 13385.569
B24: Копресорна | C24: Частка % | D24: 8638117 | E24: 14708 | F24: 14708 | G24: =E24-F24 -> 0 | H24: 160 | I24: =H24*G24 -> 0 | J24: 0 | K24: =(J24+I24)*0.647 -> 0 | L24: =(K24*B2) -> 0
B25: Конденсатор | C25: Частка % | D25: 915199 | E25: 176409 | F25: 176409 | G25: =E25-F25 -> 0 | H25: 1 | I25: =H25*G25 -> 0 | J25: =(I25*J13)-I25 -> 0 | K25: =(J25+I25)*0.647 -> 0 | L25: =(K25*B2) -> 0
B26: Реактивна | C26: Частка % | L26: =B5*J7 -> 0
B27: Автомат | E27: 146037 | F27: 145150 | G27: =E27-F27 -> 887 | H27: 1 | I27: =H27*G27 -> 887
B28: Всього | I28: =SUM(I15:I27) -> 7177 | J28: =J6*J7 -> 0 | K28: =J28+I28 -> 7177
A29: Нараховано грн/ місяць | B29: Реактивна | C29: Частка % | J29: =G5 -> 5625.4618 | K29: =F5 -> 8302.8378 | L29: =(K29*B2)+J29 -> 101434.27
B31: Розрахунок
B32: Назва Обєкта | C32: Площа | D32: № Лічильник | E32: Показники | G32: Різниця | H32: Коеф. трансформації
E33: Поточні 31.12.2025 | F33: Попередні 30.11.2025 | I33: Всього спожито | J33: Активна з Втратами в лінії, ТП | L33: ГРН
B34: сусіди | D34: 821430 | E34: 394.29 | F34: 212.15 | G34: =E34-F34 -> 182.14 | H34: 80 | I34: =H34*G34 -> 14571.2 | J34: =F4 -> 15817.162 | L34: =J34*B2 -> 182518.73
B35: Реактивна | C35: Частка % | L35: =G4 -> 10716.678
B36: Всього | I36: =SUM(I34:I35) -> 14571.2 | J36: =SUM(J34:J35)-532.32 -> 15284.842 | K36: =SUM(K34:K35) -> 0
B37: Нараховано грн/ місяць | L37: =SUM(L34:L35) -> 193235.4
L38: =L37-L39-L40 -> 161472.9 | M38: К уплате
L39: 20907.16 | M39: Октябрь переплата
L40: 10855.34 | M40: Ноябрь переплата

Sheet січень
A1: Загальна площа хол.камер м2 | B1: 3253 | C1: нарахування з втратами, кВт | D1: спожито всього | E1: % споживання (ввід1 + ввід2) | F1: % нарахування з втратами, активна, кВт | G1: % нарахування реактивна, грн. | H1: сума до оплати, грн. (активна+реактивна) | K1: Оренда
A2: Вартість електроенергії/ кВт | B2: =B4/B3 -> 13.419192 | J2: переплата | K2: =Жовтень!K5 -> 62059.2
A3: Всього Активна кВт | B3: 16460 | C3: 16460 | D3: =I14+I13 -> 15314 | J3: кВт - 3грн. | K3: =I34*3 -> 23253.6
A4: Всього Активна з ПДВ, грн. | B4: 220879.9 | C4: Укрвент | D4: =I34 -> 7751.2 | E4: =D4/D3*100 -> 50.615123 | F4: =E4*C3/100 -> 8331.2493 | G4: =B5*E4/100 -> 6649.3897 | H4: =F4*B2+G4 -> 118448.02 | K4: =K2-K3 -> 38805.6
A5: реактивна з ПДВ, грн. | B5: =11093.81+2043.35 -> 13137.16 | C5: Склад | D5: =D3-D4 -> 7562.8 | E5: =D5/D3*100 -> 49.384877 | F5: =E5*C3/100 -> 8128.7507 | G5: =B5*E5/100 -> 6487.7703 | H5: =F5*B2+G5 -> 115569.04 | J5: Аванс (залишок) | K5: =K4+L5 -> 79005.6 | L5: 40200 | M5: оплата грудень
A6: Всього затрат ГРН | B6: =SUM(B4:B5) -> 234017.06
A7: Всього перевиставлено | B7: =SUM(B5:B6) -> 247154.22 | H7: =SUM(H4:H6) -> 234017.06
A8: Офісне приміщення СБМ
B11: Назва Обєкта | C11: Площа | D11: № Лічильник | E11: Показники | G11: Різниця | H11: Коеф. трансформації
E12: Поточні 31.01.2026 | F12: Поточні 31.12.2025 | I12: Спожито по лічильникам | J12: Втрати в лінії, ТП 10% | K12: Всього спожито кВт
B13: Ввід1 | E13: 25537.95 | F13: 25536.84 | G13: =E13-F13 -> 1.11 | H13: 200 | I13: 0
B14: Ввід2 | E14: 10193.04 | F14: 10116.47 | G14: =E14-F14 -> 76.57 | H14: 200 | I14: =H14*G14 -> 15314
A15: Сухой склад-1 | B15: Камера №1 | C15: 851 | D15: 821430 | E15: 12077 | F15: 12077 | G15: =E15-F15 -> 0 | H15: 30 | I15: =H15*G15 -> 0 | J15: =(I15*J7)-I15 -> 0 | K15: =J15+I15 -> 0 | L15: =K15*B2 -> 0
A16: Сухой склад-2 | B16: Камера №2 | C16: 839 | D16: 821436 | E16: 14163 | F16: 14163 | G16: =E16-F16 -> 0 | H16: 30 | I16: =H16*G16 -> 0 | J16: =(I16*J7)-I16 -> 0 | K16: =J16+I16 -> 0 | L16: =K16*B2 -> 0
B17: Камера №3 | C17: 428 | D17: 11829942 | E17: 2213 | F17: 2213 | G17: =E17-F17 -> 0 | H17: 40 | I17: =H17*G17 -> 0 | J17: =(I17*J7)-I17 -> 0 | K17: =J17+I17 -> 0 | L17: =K17*B2 -> 0
B18: Камера №4 | C18: 415 | D18: 820614 | E18: 14226 | F18: 14226 | G18: =E18-F18 -> 0 | H18: 40 | I18: =H18*G18 -> 0 | J18: =(I18*J7)-I18 -> 0 | K18: =J18+I18 -> 0 | L18: =K18*B2 -> 0
B19: Камера №5 | C19: 428 | D19: 820573 | E19: 10172 | F19: 10172 | G19: =E19-F19 -> 0 | H19: 40 | I19: =H19*G19 -> 0 | J19: =(I19*J7)-I19 -> 0 | K19: =J19+I19 -> 0 | L19: =K19*B3 -> 0
B20: Камера №6 | C20: 292 | D20: 10808904 | E20: 11686 | F20: 11686 | G20: =E20-F20 -> 0 | H20: 1 | I20: =H20*G20 -> 0 | J20: =(I20*J8)-I20 -> 0 | K20: =J20+I20 -> 0 | L20: =K20*B4 -> 0
A21: Сухой склад-1 | B21: Рампа №1 | C21: 573 | D21: 945448 | E21: 195941 | F21: 193524 | G21: =E21-F21 -> 2417 | H21: 1 | I21: =H21*G21 -> 2417 | J21: 0 | K21: =J21+I21 -> 2417 | L21: =K21*B2 -> 32434.187
A22: Овочі | B22: Рампа №2 | C22: 573 | D22: 945448 | E22: 631613 | F22: 627708 | G22: =E22-F22 -> 3905 | H22: 1 | I22: =H22*G22 -> 3905 | J22: 0 | K22: =J22+I22 -> 3905 | L22: =(K22*B2) -> 52401.945
B23: Офіс | D23: 906068 | E23: 405521 | F23: 403909 | G23: =E23-F23 -> 1612 | H23: 1 | I23: =H23*G23 -> 1612 | J23: 0 | K23: =J23+I23 -> 1612 | L23: =K23*B2 -> 21631.737
B24: Копресорна | C24: Частка % | D24: 8638117 | E24: 14708 | F24: 14708 | G24: =E24-F24 -> 0 | H24: 160 | I24: =H24*G24 -> 0 | J24: 0 | K24: =(J24+I24)*0.647 -> 0 | L24: =(K24*B2) -> 0
B25: Конденсатор | C25: Частка % | D25: 915199 | E25: 176409 | F25: 176409 | G25: =E25-F25 -> 0 | H25: 1 | I25: =H25*G25 -> 0 | J25: =(I25*J13)-I25 -> 0 | K25: =(J25+I25)*0.647 -> 0 | L25: =(K25*B2) -> 0
B26: Реактивна | C26: Частка % | L26: =B5*J7 -> 0
B27: Автомат | E27: 147258 | F27: 146037 | G27: =E27-F27 -> 1221 | H27: 1 | I27: =H27*G27 -> 1221
B28: Всього | I28: =SUM(I15:I27) -> 9155 | J28: =J6*J7 -> 0 | K28: =J28+I28 -> 9155
A29: Нараховано грн/ місяць | B29: Реактивна | C29: Частка % | J29: =G5 -> 6487.7703 | K29: =F5 -> 8128.7507 | L29: =(K29*B2)+J29 -> 115569.04
B31: Розрахунок
B32: Назва Обєкта | C32: Площа | D32: № Лічильник | E32: Показники | G32: Різниця | H32: Коеф. трансформації
E33: Поточні 31.01.2026 | F33: Поточні 31.12.2025 | I33: Всього спожито | J33: Активна з Втратами в лінії, ТП | L33: ГРН
B34: сусіди | D34: 821430 | E34: 491.18 | F34: 394.29 | G34: =E34-F34 -> 96.89 | H34: 80 | I34: =H34*G34 -> 7751.2 | J34: =F4 -> 8331.2493 | L34: =J34*B2 -> 111798.63
B35: Реактивна | C35: Частка % | L35: =G4 -> 6649.3897
B36: Всього | I36: =SUM(I34:I35) -> 7751.2 | J36: =SUM(J34:J35)-532.32 -> 7798.9293 | K36: =SUM(K34:K35) -> 0
B37: Нараховано грн/ місяць | L37: =SUM(L34:L35) -> 118448.02 | M37: К уплате

Sheet лютий 
A1: Загальна площа хол.камер м2 | B1: 3253 | C1: нарахування з втратами, кВт | D1: спожито всього | E1: % споживання (ввід1 + ввід2) | F1: % нарахування з втратами, активна, кВт | G1: % нарахування реактивна, грн. | H1: сума до оплати, грн. (активна+реактивна) | K1: Оренда
A2: Вартість електроенергії/ кВт | B2: =B4/B3 -> 15.364236 | J2: переплата | K2: =Жовтень!K5 -> 62059.2
A3: Всього Активна кВт | B3: 17920 | C3: 17920 | D3: =I14+I13 -> 14874 | J3: кВт - 3грн. | K3: =I34*3 -> 25015.2
A4: Всього Активна з ПДВ, грн. | B4: 275327.11 | C4: Укрвент | D4: =I34 -> 8338.4 | E4: =D4/D3*100 -> 56.060239 | F4: =E4*C3/100 -> 10045.995 | G4: =B5*E4/100 -> 7617.9699 | H4: =F4*B2+G4 -> 161967.01 | K4: =K2-K3 -> 37044
A5: реактивна з ПДВ, грн. | B5: =11545.55+2043.35 -> 13588.9 | C5: Склад | D5: =D3-D4 -> 6535.6 | E5: =D5/D3*100 -> 43.939761 | F5: =E5*C3/100 -> 7874.0051 | G5: =B5*E5/100 -> 5970.9301 | H5: =F5*B2+G5 -> 126949 | J5: Аванс (залишок) | K5: =K4+L5 -> 77244 | L5: 40200 | M5: оплата грудень
A6: Всього затрат ГРН | B6: =SUM(B4:B5) -> 288916.01
A7: Всього перевиставлено | B7: =SUM(B5:B6) -> 302504.91 | H7: =SUM(H4:H6) -> 288916.01
A8: Офісне приміщення СБМ
B11: Назва Обєкта | C11: Площа | D11: № Лічильник | E11: Показники | G11: Різниця | H11: Коеф. трансформації
E12: Поточні 28.02.2026 | F12: Попередні 31.01.2026 | I12: Спожито по лічильникам | J12: Втрати в лінії, ТП 10% | K12: Всього спожито кВт
B13: Ввід1 | E13: 25540.06 | F13: 25537.95 | G13: =E13-F13 -> 2.11 | H13: 200 | I13: 0
B14: Ввід2 | E14: 10267.41 | F14: 10193.04 | G14: =E14-F14 -> 74.37 | H14: 200 | I14: =H14*G14 -> 14874
A15: Сухой склад-1 | B15: Камера №1 | C15: 851 | D15: 821430 | E15: 12077 | F15: 12077 | G15: =E15-F15 -> 0 | H15: 30 | I15: =H15*G15 -> 0 | J15: =(I15*J7)-I15 -> 0 | K15: =J15+I15 -> 0 | L15: =K15*B2 -> 0
A16: Сухой склад-2 | B16: Камера №2 | C16: 839 | D16: 821436 | E16: 14163 | F16: 14163 | G16: =E16-F16 -> 0 | H16: 30 | I16: =H16*G16 -> 0 | J16: =(I16*J7)-I16 -> 0 | K16: =J16+I16 -> 0 | L16: =K16*B2 -> 0
B17: Камера №3 | C17: 428 | D17: 11829942 | E17: 2213 | F17: 2213 | G17: =E17-F17 -> 0 | H17: 40 | I17: =H17*G17 -> 0 | J17: =(I17*J7)-I17 -> 0 | K17: =J17+I17 -> 0 | L17: =K17*B2 -> 0
B18: Камера №4 | C18: 415 | D18: 820614 | E18: 14226 | F18: 14226 | G18: =E18-F18 -> 0 | H18: 40 | I18: =H18*G18 -> 0 | J18: =(I18*J7)-I18 -> 0 | K18: =J18+I18 -> 0 | L18: =K18*B2 -> 0
B19: Камера №5 | C19: 428 | D19: 820573 | E19: 10172 | F19: 10172 | G19: =E19-F19 -> 0 | H19: 40 | I19: =H19*G19 -> 0 | J19: =(I19*J7)-I19 -> 0 | K19: =J19+I19 -> 0 | L19: =K19*B3 -> 0
B20: Камера №6 | C20: 292 | D20: 10808904 | E20: 11686 | F20: 11686 | G20: =E20-F20 -> 0 | H20: 1 | I20: =H20*G20 -> 0 | J20: =(I20*J8)-I20 -> 0 | K20: =J20+I20 -> 0 | L20: =K20*B4 -> 0
A21: Сухой склад-1 | B21: Рампа №1 | C21: 573 | D21: 945448 | E21: 198037 | F21: 195941 | G21: =E21-F21 -> 2096 | H21: 1 | I21: =H21*G21 -> 2096 | J21: 0 | K21: =J21+I21 -> 2096 | L21: =K21*B2 -> 32203.439
A22: Овочі | B22: Рампа №2 | C22: 573 | D22: 945448 | E22: 635320 | F22: 631613 | G22: =E22-F22 -> 3707 | H22: 1 | I22: =H22*G22 -> 3707 | J22: 0 | K22: =J22+I22 -> 3707 | L22: =(K22*B2) -> 56955.223
B23: Офіс | D23: 906068 | E23: 406287 | F23: 405521 | G23: =E23-F23 -> 766 | H23: 1 | I23: =H23*G23 -> 766 | J23: 0 | K23: =J23+I23 -> 766 | L23: =K23*B2 -> 11769.005
B24: Копресорна | C24: Частка % | D24: 8638117 | E24: 14708 | F24: 14708 | G24: =E24-F24 -> 0 | H24: 160 | I24: =H24*G24 -> 0 | J24: 0 | K24: =(J24+I24)*0.647 -> 0 | L24: =(K24*B2) -> 0
B25: Конденсатор | C25: Частка % | D25: 915199 | E25: 176409 | F25: 176409 | G25: =E25-F25 -> 0 | H25: 1 | I25: =H25*G25 -> 0 | J25: =(I25*J13)-I25 -> 0 | K25: =(J25+I25)*0.647 -> 0 | L25: =(K25*B2) -> 0
B26: Реактивна | C26: Частка % | L26: =B5*J7 -> 0
B27: Автомат | E27: 148950 | F27: 147258 | G27: =E27-F27 -> 1692 | H27: 1 | I27: =H27*G27 -> 1692
B28: Всього | J28: =J6*J7 -> 0 | K28: =J28+I28 -> 0
A29: Нараховано грн/ місяць | B29: Реактивна | C29: Частка % | J29: =G5 -> 5970.9301 | K29: =F5 -> 7874.0051 | L29: =(K29*B2)+J29 -> 126949
B31: Розрахунок
B32: Назва Обєкта | C32: Площа | D32: № Лічильник | E32: Показники | G32: Різниця | H32: Коеф. трансформації
E33: Поточні 28.02.2026 | F33: Попередні 31.01.2026 | I33: Всього спожито | J33: Активна з Втратами в лінії, ТП | L33: ГРН
B34: сусіди | D34: 821430 | E34: 595.41 | F34: 491.18 | G34: =E34-F34 -> 104.23 | H34: 80 | I34: =H34*G34 -> 8338.4 | L34: =J34*B2 -> 0
B35: Реактивна | C35: Частка %
B36: Всього | I36: =SUM(I34:I35) -> 8338.4 | K36: =SUM(K34:K35) -> 0
B37: Нараховано грн/ місяць | L37: =H4 -> 161967.01 | M37: К уплате

Sheet березень
A1: Загальна площа хол.камер м2 | B1: 3253 | C1: нарахування з втратами, кВт | D1: спожито всього | E1: % споживання (ввід1 + ввід2) | F1: % нарахування з втратами, активна, кВт | G1: % нарахування реактивна, грн. | H1: сума до оплати, грн. (активна+реактивна) | K1: Оренда
A2: Вартість електроенергії/ кВт | B2: =B4/B3 -> 11.233164 | J2: переплата | K2: =Жовтень!K5 -> 62059.2
A3: Всього Активна кВт | B3: 19260 | C3: 19260 | D3: =I14+I13 -> 17654 | J3: кВт - 3грн. | K3: =I34*3 -> 27607.2
A4: Всього Активна з ПДВ, грн. | B4: 216350.74 | C4: Укрвент | D4: =I34 -> 9202.4 | E4: =D4/D3*100 -> 52.12643 | F4: =E4*C3/100 -> 10039.55 | G4: =B5*E4/100 -> 13040.089 | H4: =F4*B2+G4 -> 125816.01 | K4: =K2-K3 -> 34452
A5: реактивна з ПДВ, грн. | B5: =22972.92+2043.35 -> 25016.27 | C5: Склад | D5: =D3-D4 -> 8451.6 | E5: =D5/D3*100 -> 47.87357 | F5: =E5*C3/100 -> 9220.4495 | G5: =B5*E5/100 -> 11976.181 | H5: =F5*B2+G5 -> 115551 | J5: Аванс (залишок) | K5: =K4+L5 -> 74652 | L5: 40200 | M5: оплата грудень
A6: Всього затрат ГРН | B6: =SUM(B4:B5) -> 241367.01
A7: Всього перевиставлено | B7: =SUM(B6) -> 241367.01 | H7: =SUM(H4:H6) -> 241367.01
A8: Офісне приміщення СБМ
B11: Назва Обєкта | C11: Площа | D11: № Лічильник | E11: Показники | G11: Різниця | H11: Коеф. трансформації
E12: Поточні 31.03.2026 | F12: Попередні 28.02.2026 | I12: Спожито по лічильникам | J12: Втрати в лінії, ТП 10% | K12: Всього спожито кВт
B13: Ввід1 | E13: 25540.37 | F13: 25540.06 | G13: =E13-F13 -> 0.31 | H13: 200 | I13: =H13*G13 -> 62
B14: Ввід2 | E14: 10355.37 | F14: 10267.41 | G14: =E14-F14 -> 87.96 | H14: 200 | I14: =H14*G14 -> 17592
A15: Сухой склад-1 | B15: Камера №1 | C15: 851 | D15: 821430 | E15: 12077 | F15: 12077 | G15: =E15-F15 -> 0 | H15: 30 | I15: =H15*G15 -> 0 | J15: =(I15*J7)-I15 -> 0 | K15: =J15+I15 -> 0 | L15: =K15*B2 -> 0
A16: Сухой склад-2 | B16: Камера №2 | C16: 839 | D16: 821436 | E16: 14163 | F16: 14163 | G16: =E16-F16 -> 0 | H16: 30 | I16: =H16*G16 -> 0 | J16: =(I16*J7)-I16 -> 0 | K16: =J16+I16 -> 0 | L16: =K16*B2 -> 0
B17: Камера №3 | C17: 428 | D17: 11829942 | E17: 2213 | F17: 2213 | G17: =E17-F17 -> 0 | H17: 40 | I17: =H17*G17 -> 0 | J17: =(I17*J7)-I17 -> 0 | K17: =J17+I17 -> 0 | L17: =K17*B2 -> 0
B18: Камера №4 | C18: 415 | D18: 820614 | E18: 14226 | F18: 14226 | G18: =E18-F18 -> 0 | H18: 40 | I18: =H18*G18 -> 0 | J18: =(I18*J7)-I18 -> 0 | K18: =J18+I18 -> 0 | L18: =K18*B2 -> 0
B19: Камера №5 | C19: 428 | D19: 820573 | E19: 10172 | F19: 10172 | G19: =E19-F19 -> 0 | H19: 40 | I19: =H19*G19 -> 0 | J19: =(I19*J7)-I19 -> 0 | K19: =J19+I19 -> 0 | L19: =K19*B3 -> 0
B20: Камера №6 | C20: 292 | D20: 10808904 | E20: 11686 | F20: 11686 | G20: =E20-F20 -> 0 | H20: 1 | I20: =H20*G20 -> 0 | J20: =(I20*J8)-I20 -> 0 | K20: =J20+I20 -> 0 | L20: =K20*B4 -> 0
A21: Сухой склад-1 | B21: Рампа №1 | C21: 573 | D21: 945448 | E21: 201821 | F21: 198037 | G21: =E21-F21 -> 3784 | H21: 1 | I21: =H21*G21 -> 3784 | J21: 0 | K21: =J21+I21 -> 3784 | L21: =K21*B2 -> 42506.293
A22: Овочі | B22: Рампа №2 | C22: 573 | D22: 945448 | E22: 637336 | F22: 635320 | G22: =E22-F22 -> 2016 | H22: 1 | I22: =H22*G22 -> 2016 | J22: 0 | K22: =J22+I22 -> 2016 | L22: =(K22*B2) -> 22646.059
B23: Офіс | D23: 906068 | E23: 407721 | F23: 406287 | G23: =E23-F23 -> 1434 | H23: 1 | I23: =H23*G23 -> 1434 | J23: 0 | K23: =J23+I23 -> 1434 | L23: =K23*B2 -> 16108.357
B24: Копресорна | C24: Частка % | D24: 8638117 | E24: 14708 | F24: 14708 | G24: =E24-F24 -> 0 | H24: 160 | I24: =H24*G24 -> 0 | J24: 0 | K24: =(J24+I24)*0.647 -> 0 | L24: =(K24*B2) -> 0
B25: Конденсатор | C25: Частка % | D25: 915199 | E25: 176409 | F25: 176409 | G25: =E25-F25 -> 0 | H25: 1 | I25: =H25*G25 -> 0 | J25: =(I25*J13)-I25 -> 0 | K25: =(J25+I25)*0.647 -> 0 | L25: =(K25*B2) -> 0
B26: Реактивна | C26: Частка % | L26: =B5*J7 -> 0
B27: Автомат | E27: 15092 | F27: 14895 | G27: =E27-F27 -> 197 | H27: 1 | I27: =H27*G27 -> 197
B28: Всього | J28: =J6*J7 -> 0 | K28: =J28+I28 -> 0
A29: Нараховано грн/ місяць | B29: Реактивна | C29: Частка % | J29: =G5 -> 11976.181 | K29: =F5 -> 9220.4495 | L29: =(K29*B2)+J29 -> 115551
B31: Розрахунок
B32: Назва Обєкта | C32: Площа | D32: № Лічильник | E32: Показники | G32: Різниця | H32: Коеф. трансформації
E33: Поточні 31.03.2026 | F33: Попередні 28.02.2026 | I33: Всього спожито | L33: ГРН
B34: Укрвент | D34: 821430 | E34: 710.44 | F34: 595.41 | G34: =E34-F34 -> 115.03 | H34: 80 | I34: =H34*G34 -> 9202.4 | L34: =J34*B2 -> 0
B35: Реактивна | C35: Частка %
B36: Всього | I36: =SUM(I34:I35) -> 9202.4 | K36: =SUM(K34:K35) -> 0
B37: Нараховано грн/ місяць | L37: =H4 -> 125816.01 | M37: К уплате

Sheet квітень
A1: Загальна площа хол.камер м2 | B1: 3253 | C1: нарахування з втратами, кВт | D1: спожито всього | E1: % споживання (ввід1 + ввід2) | F1: % нарахування з втратами, активна, кВт | G1: % нарахування реактивна, грн. | H1: сума до оплати, грн. (активна+реактивна) | K1: Оренда
A2: Вартість електроенергії/ кВт | B2: =B4/B3 -> 9.1687806 | J2: переплата | K2: =Жовтень!K5 -> 62059.2
A3: Всього Активна кВт | B3: 15270 | C3: 15270 | D3: =I14+I13 -> 14120 | J3: кВт - 3грн. | K3: =I34*3 -> 22377.6
A4: Всього Активна з ПДВ, грн. | B4: 140007.28 | C4: Укрвент | D4: =I34 -> 7459.2 | E4: =D4/D3*100 -> 52.827195 | F4: =E4*C3/100 -> 8066.7127 | G4: =B5*E4/100 -> 9347.3126 | H4: =F4*B2+G4 -> 83309.232 | K4: =K2-K3 -> 39681.6
A5: реактивна з ПДВ, грн. | B5: =15650.78+2043.35 -> 17694.13 | C5: Склад | D5: =D3-D4 -> 6660.8 | E5: =D5/D3*100 -> 47.172805 | F5: =E5*C3/100 -> 7203.2873 | G5: =B5*E5/100 -> 8346.8174 | H5: =F5*B2+G5 -> 74392.178 | J5: Аванс (залишок) | K5: =K4+L5 -> 79881.6 | L5: 40200 | M5: оплата грудень
A6: Всього затрат ГРН | B6: =SUM(B4:B5) -> 157701.41
A7: Всього перевиставлено | B7: =SUM(B6) -> 157701.41 | H7: =SUM(H4:H6) -> 157701.41
A8: Офісне приміщення СБМ
B11: Назва Обєкта | C11: Площа | D11: № Лічильник | E11: Показники | G11: Різниця | H11: Коеф. трансформації
E12: Поточні 30.04.2026 | F12: Поточні 31.03.2026 | I12: Спожито по лічильникам | J12: Втрати в лінії, ТП 10% | K12: Всього спожито кВт
B13: Ввід1 | E13: 25540.37 | F13: 25540.37 | G13: =E13-F13 -> 0 | H13: 200 | I13: =H13*G13 -> 0
B14: Ввід2 | E14: 10425.97 | F14: 10355.37 | G14: =E14-F14 -> 70.6 | H14: 200 | I14: =H14*G14 -> 14120
A15: Сухой склад-1 | B15: Камера №1 | C15: 851 | D15: 821430 | E15: 12077 | F15: 12077 | G15: =E15-F15 -> 0 | H15: 30 | I15: =H15*G15 -> 0 | J15: =(I15*J7)-I15 -> 0 | K15: =J15+I15 -> 0 | L15: =K15*B2 -> 0
A16: Сухой склад-2 | B16: Камера №2 | C16: 839 | D16: 821436 | E16: 14163 | F16: 14163 | G16: =E16-F16 -> 0 | H16: 30 | I16: =H16*G16 -> 0 | J16: =(I16*J7)-I16 -> 0 | K16: =J16+I16 -> 0 | L16: =K16*B2 -> 0
B17: Камера №3 | C17: 428 | D17: 11829942 | E17: 2213 | F17: 2213 | G17: =E17-F17 -> 0 | H17: 40 | I17: =H17*G17 -> 0 | J17: =(I17*J7)-I17 -> 0 | K17: =J17+I17 -> 0 | L17: =K17*B2 -> 0
B18: Камера №4 | C18: 415 | D18: 820614 | E18: 14229 | F18: 14226 | G18: =E18-F18 -> 3 | H18: 40 | I18: =H18*G18 -> 120 | J18: =(I18*J7)-I18 -> -120 | K18: =J18+I18 -> 0 | L18: =K18*B2 -> 0
B19: Камера №5 | C19: 428 | D19: 820573 | E19: 10172 | F19: 10172 | G19: =E19-F19 -> 0 | H19: 40 | I19: =H19*G19 -> 0 | J19: =(I19*J7)-I19 -> 0 | K19: =J19+I19 -> 0 | L19: =K19*B3 -> 0
B20: Камера №6 | C20: 292 | D20: 10808904 | E20: 11729 | F20: 11686 | G20: =E20-F20 -> 43 | H20: 1 | I20: =H20*G20 -> 43 | J20: =(I20*J8)-I20 -> -43 | K20: =J20+I20 -> 0 | L20: =K20*B4 -> 0
A21: Сухой склад-1 | B21: Рампа №1 | C21: 573 | D21: 945448 | E21: 205002 | F21: 201821 | G21: =E21-F21 -> 3181 | H21: 1 | I21: =H21*G21 -> 3181 | J21: 0 | K21: =J21+I21 -> 3181 | L21: =K21*B2 -> 29165.891
A22: Овочі | B22: Рампа №2 | C22: 573 | D22: 945448 | E22: 638820 | F22: 637336 | G22: =E22-F22 -> 1484 | H22: 1 | I22: =H22*G22 -> 1484 | J22: 0 | K22: =J22+I22 -> 1484 | L22: =(K22*B2) -> 13606.47
B23: Офіс | D23: 906068 | E23: 408850 | F23: 407721 | G23: =E23-F23 -> 1129 | H23: 1 | I23: =H23*G23 -> 1129 | J23: 0 | K23: =J23+I23 -> 1129 | L23: =K23*B2 -> 10351.553
B24: Копресорна | C24: Частка % | D24: 8638117 | E24: 14709 | F24: 14708 | G24: =E24-F24 -> 1 | H24: 160 | I24: =H24*G24 -> 160 | J24: 0 | K24: =(J24+I24)*0.647 -> 103.52 | L24: =(K24*B2) -> 949.15217
B25: Конденсатор | C25: Частка % | D25: 915199 | E25: 176439 | F25: 176409 | G25: =E25-F25 -> 30 | H25: 1 | I25: =H25*G25 -> 30 | J25: =(I25*J13)-I25 -> -30 | K25: =(J25+I25)*0.647 -> 0 | L25: =(K25*B2) -> 0
B26: Реактивна | C26: Частка % | L26: =B5*J7 -> 0
B27: Автомат | E27: 15179 | F27: 14895 | G27: =E27-F27 -> 284 | H27: 1 | I27: =H27*G27 -> 284
B28: Всього | J28: =J6*J7 -> 0 | K28: =J28+I28 -> 0
A29: Нараховано грн/ місяць | B29: Реактивна | C29: Частка % | J29: =G5 -> 8346.8174 | K29: =F5 -> 7203.2873 | L29: =(K29*B2)+J29 -> 74392.178
B31: Розрахунок
B32: Назва Обєкта | C32: Площа | D32: № Лічильник | E32: Показники | G32: Різниця | H32: Коеф. трансформації
E33: Поточні 30.04.2026 | F33: Поточні 31.03.2026 | I33: Всього спожито | L33: ГРН
B34: Укрвент | D34: 821430 | E34: 803.68 | F34: 710.44 | G34: =E34-F34 -> 93.24 | H34: 80 | I34: =H34*G34 -> 7459.2 | L34: =J34*B2 -> 0
B35: Реактивна | C35: Частка %
B36: Всього | I36: =SUM(I34:I35) -> 7459.2 | K36: =SUM(K34:K35) -> 0
B37: Нараховано грн/ місяць | L37: =H4 -> 83309.232 | M37: К уплате

Sheet травень
A1: Загальна площа хол.камер м2 | B1: 3253 | C1: нарахування з втратами, кВт | D1: спожито всього | E1: % споживання (ввід1 + ввід2) | F1: % нарахування з втратами, активна, кВт | G1: % нарахування реактивна, грн. | H1: сума до оплати, грн. (активна+реактивна) | K1: Оренда
A2: Вартість електроенергії/ кВт | B2: =B4/B3 -> 8.7874678 | J2: переплата | K2: =Жовтень!K5 -> 62059.2
A3: Всього Активна кВт | B3: 14900 | C3: 14900 | D3: =I14+I13 -> 13448 | J3: кВт - 3грн. | K3: =I34*3 -> 19540.8
A4: Всього Активна з ПДВ, грн. | B4: 130933.27 | C4: Укрвент | D4: =I34 -> 6513.6 | E4: =D4/D3*100 -> 48.435455 | F4: =E4*C3/100 -> 7216.8828 | G4: =B5*E4/100 -> 6073.3411 | H4: =F4*B2+G4 -> 69491.466 | K4: =K2-K3 -> 42518.4
A5: реактивна з ПДВ, грн. | B5: =10495.69+2043.35 -> 12539.04 | C5: Склад | D5: =D3-D4 -> 6934.4 | E5: =D5/D3*100 -> 51.564545 | F5: =E5*C3/100 -> 7683.1172 | G5: =B5*E5/100 -> 6465.6989 | H5: =F5*B2+G5 -> 73980.844 | J5: Аванс (залишок) | K5: =K4+L5 -> 82718.4 | L5: 40200 | M5: оплата грудень
A6: Всього затрат ГРН | B6: =SUM(B4:B5) -> 143472.31
A7: Всього перевиставлено | B7: =SUM(B6) -> 143472.31 | H7: =SUM(H4:H6) -> 143472.31
A8: Офісне приміщення СБМ
B11: Назва Обєкта | C11: Площа | D11: № Лічильник | E11: Показники | G11: Різниця | H11: Коеф. трансформації
E12: Поточні 31.05.2026 | F12: Попередні 30.04.2026 | I12: Спожито по лічильникам | J12: Втрати в лінії, ТП 10% | K12: Всього спожито кВт
B13: Ввід1 | E13: 25540.37 | F13: 25540.37 | G13: =E13-F13 -> 0 | H13: 200 | I13: =H13*G13 -> 0
B14: Ввід2 | E14: 10493.21 | F14: 10425.97 | G14: =E14-F14 -> 67.24 | H14: 200 | I14: =H14*G14 -> 13448
A15: Сухой склад-1 | B15: Камера №1 | C15: 851 | D15: 821430 | E15: 12077 | F15: 12077 | G15: =E15-F15 -> 0 | H15: 30 | I15: =H15*G15 -> 0 | J15: =(I15*J7)-I15 -> 0 | K15: =J15+I15 -> 0 | L15: =K15*B2 -> 0
A16: Сухой склад-2 | B16: Камера №2 | C16: 839 | D16: 821436 | E16: 14163 | F16: 14163 | G16: =E16-F16 -> 0 | H16: 30 | I16: =H16*G16 -> 0 | J16: =(I16*J7)-I16 -> 0 | K16: =J16+I16 -> 0 | L16: =K16*B2 -> 0
B17: Камера №3 | C17: 428 | D17: 11829942 | E17: 2213 | F17: 2213 | G17: =E17-F17 -> 0 | H17: 40 | I17: =H17*G17 -> 0 | J17: =(I17*J7)-I17 -> 0 | K17: =J17+I17 -> 0 | L17: =K17*B2 -> 0
B18: Камера №4 | C18: 415 | D18: 820614 | E18: 14247 | F18: 14229 | G18: =E18-F18 -> 18 | H18: 40 | I18: =H18*G18 -> 720 | J18: =(I18*J7)-I18 -> -720 | K18: =J18+I18 -> 0 | L18: =K18*B2 -> 0
B19: Камера №5 | C19: 428 | D19: 820573 | E19: 10172 | F19: 10172 | G19: =E19-F19 -> 0 | H19: 40 | I19: =H19*G19 -> 0 | J19: =(I19*J7)-I19 -> 0 | K19: =J19+I19 -> 0 | L19: =K19*B3 -> 0
B20: Камера №6 | C20: 292 | D20: 10808904 | E20: 11737 | F20: 11729 | G20: =E20-F20 -> 8 | H20: 1 | I20: =H20*G20 -> 8 | J20: =(I20*J8)-I20 -> -8 | K20: =J20+I20 -> 0 | L20: =K20*B4 -> 0
A21: Сухой склад-1 | B21: Рампа №1 | C21: 573 | D21: 945448 | E21: 207908 | F21: 205002 | G21: =E21-F21 -> 2906 | H21: 1 | I21: =H21*G21 -> 2906 | J21: 0 | K21: =J21+I21 -> 2906 | L21: =K21*B2 -> 25536.381
A22: Овочі | B22: Рампа №2 | C22: 573 | D22: 945448 | E22: 639971 | F22: 638820 | G22: =E22-F22 -> 1151 | H22: 1 | I22: =H22*G22 -> 1151 | J22: 0 | K22: =J22+I22 -> 1151 | L22: =(K22*B2) -> 10114.375
B23: Офіс | D23: 906068 | E23: 409457 | F23: 408850 | G23: =E23-F23 -> 607 | H23: 1 | I23: =H23*G23 -> 607 | J23: 0 | K23: =J23+I23 -> 607 | L23: =K23*B2 -> 5333.9929
B24: Копресорна | C24: Частка % | D24: 8638117 | E24: 14715 | F24: 14709 | G24: =E24-F24 -> 6 | H24: 160 | I24: =H24*G24 -> 960 | J24: 0 | K24: =(J24+I24)*0.647 -> 621.12 | L24: =(K24*B2) -> 5458.072
B25: Конденсатор | C25: Частка % | D25: 915199 | E25: 176459 | F25: 176439 | G25: =E25-F25 -> 20 | H25: 1 | I25: =H25*G25 -> 20 | J25: =(I25*J13)-I25 -> -20 | K25: =(J25+I25)*0.647 -> 0 | L25: =(K25*B2) -> 0
B26: Реактивна | C26: Частка % | L26: =B5*J7 -> 0
B27: Автомат | E27: 15263 | F27: 15179 | G27: =E27-F27 -> 84 | H27: 1 | I27: =H27*G27 -> 84
B28: Всього | J28: =J6*J7 -> 0 | K28: =J28+I28 -> 0
A29: Нараховано грн/ місяць | B29: Реактивна | C29: Частка % | J29: =G5 -> 6465.6989 | K29: =F5 -> 7683.1172 | L29: =(K29*B2)+J29 -> 73980.844
B31: Розрахунок
B32: Назва Обєкта | C32: Площа | D32: № Лічильник | E32: Показники | G32: Різниця | H32: Коеф. трансформації
E33: Поточні 31.05.2026 | F33: Попередні 30.04.2026 | I33: Всього спожито | L33: ГРН
B34: Укрвент | D34: 821430 | E34: 885.1 | F34: 803.68 | G34: =E34-F34 -> 81.42 | H34: 80 | I34: =H34*G34 -> 6513.6 | L34: =J34*B2 -> 0
B35: Реактивна | C35: Частка %
B36: Всього | I36: =SUM(I34:I35) -> 6513.6 | K36: =SUM(K34:K35) -> 0
B37: Нараховано грн/ місяць | L37: =H4 -> 69491.466 | M37: К уплате
